ticker,company,sector,industry,market_cap,close,sma200,distance,side,slope,avg_dollar_volume,ni_q0,ni_prev,growth,q0_end,measure,eps_actual_q0,eps_est_q1,expected_growth,analysts,revision_trend,eps_basis,last_session,ytd_high,ytd_high_date,off_ytd_high,below20,days20,below50,days50,below100,days100,below200,days200
ALSN,"Allison Transmission Holdings, ",Consumer Cyclical,Auto Parts,9741731840,117.97000122070312,117.53384967803954,0.0037108589896299726,Above,Rising,97473331.31637573,181000000.0,112000000.0,0.6160714285714286,2026-06-30,Net Income Common Stockholders,2.15,2.48126,0.15407441860465113,8,Up,GAAP actual vs consensus,2026-10-02,137.6199951171875,2026-04-27,-0.14278443971569554,True,17,True,13,True,13,False,0
AWK,"American Water Works Company, I",Utilities,Utilities - Regulated Water,25884450816,130.25,131.95470031738282,-0.012918829820253497,Below,Flat,253797853.3267212,315000000.0,196000000.0,0.6071428571428571,2026-06-30,Net Income Common Stockholders,1.61,2.08053,0.29225465838509307,5,Up,GAAP actual vs consensus,2026-10-02,142.3699951171875,2026-09-10,-0.08513026292661807,True,14,True,11,True,7,True,7
AYI,Acuity Inc.,Industrials,Electrical Equipment & Parts,9242900480,308.760009765625,314.15230041503906,-0.017164574769276242,Below,Falling,121032002.67425537,141000000.0,96800000.0,0.45661157024793386,2026-05-31,Net Income Common Stockholders,4.56,5.55973,0.2192390350877194,7,Up,GAAP actual vs consensus,2026-10-02,380.1700134277344,2026-01-05,-0.1878370232787535,True,5,True,25,True,17,True,5
CDW,CDW Corporation,Technology,Information Technology Services,16663571456,133.2899932861328,131.6277502822876,0.012628362942315619,Above,Flat,217851190.54275513,274400000.0,235400000.0,0.16567544604927784,2026-06-30,Net Income Common Stockholders,2.15,2.95887,0.3762186046511629,10,Up,GAAP actual vs consensus,2026-10-02,158.0500030517578,2026-09-03,-0.15665934379967494,True,11,True,7,True,1,False,0
DIS,Walt Disney Company (The),Communication Services,Entertainment,176450125824,102.19000244140625,103.85330032348632,-0.016015840391197633,Below,Flat,908233177.3139572,2638000000.0,2247000000.0,0.17400979083222073,2026-06-30,Net Income Common Stockholders,1.51,1.69388,0.12177483443708612,23,Down,GAAP actual vs consensus,2026-10-02,116.02999877929688,2026-01-05,-0.11927946637503617,True,5,True,2,False,0,True,2
ECL,Ecolab Inc.,Basic Materials,Specialty Chemicals,76725944320,273.70001220703125,273.8339998626709,-0.0004893024814554003,Below,Flat,334998805.93551636,534900000.0,432600000.0,0.23647711511789182,2026-06-30,Net Income Common Stockholders,1.9,2.17432,0.144378947368421,18,Up,GAAP actual vs consensus,2026-10-02,309.2699890136719,2026-02-24,-0.11501270110326867,True,3,True,4,False,0,True,2
FOXA,Fox Corporation,Communication Services,Entertainment,26261833728,62.279998779296875,63.14979988098145,-0.0137736161210944,Below,Flat,318626012.61039734,691000000.0,166000000.0,3.1626506024096384,2026-06-30,Net Income Common Stockholders,1.61,2.0256,0.2581366459627327,15,Up,GAAP actual vs consensus,2026-10-02,76.38999938964844,2026-01-09,-0.18471005004699081,True,13,True,6,False,0,True,6
FTV,Fortive Corporation,Technology,Scientific & Technical Instruments,17520363520,57.470001220703125,58.28379985809326,-0.013962690136393618,Below,Flat,119590409.45508957,157300000.0,136400000.0,0.1532258064516129,2026-06-30,Net Income Common Stockholders,0.51,0.70563,0.38358823529411756,14,Unchanged,GAAP actual vs consensus,2026-10-02,64.55999755859375,2026-07-28,-0.10982026960976643,False,0,True,34,True,28,True,23
GWRE,"Guidewire Software, Inc.",Technology,Software - Application,12475184128,152.14999389648438,151.18669971466065,0.006371553738799607,Above,Falling,239601684.1921997,31395000.0,16471000.0,0.9060773480662984,2026-07-31,Net Income Common Stockholders,0.38,0.7248,0.9073684210526316,15,Down,GAAP actual vs consensus,2026-10-02,207.49000549316406,2026-08-31,-0.26671169758344293,False,0,True,19,False,0,False,0
HLT,Hilton Worldwide Holdings Inc.,Consumer Cyclical,Lodging,71876730880,319.3599853515625,316.09644989013674,0.010324492611543334,Above,Rising,520702124.27215576,482000000.0,385000000.0,0.2519480519480519,2026-06-30,Net Income Common Stockholders,2.1,2.35377,0.12084285714285706,22,Down,GAAP actual vs consensus,2026-10-02,358.0,2026-06-17,-0.10793300181127796,False,0,False,0,True,26,False,0
JBL,Jabil Inc.,Technology,Electronic Components,31898236928,304.4100036621094,301.65599990844726,0.009129617028993176,Above,Rising,450467520.6628418,275000000.0,223000000.0,0.23318385650224216,2026-05-31,Net Income Common Stockholders,2.59,4.07545,0.5735328185328187,9,Up,GAAP actual vs consensus,2026-10-02,428.92999267578125,2026-06-17,-0.2903037585151892,True,3,True,3,True,32,False,0
LSTR,"Landstar System, Inc.",Industrials,Integrated Freight & Logistics,5887377408,173.47999572753906,175.12005012512208,-0.009365314802109781,Below,Rising,59289530.710372925,48951000.0,39440000.0,0.24115111561866126,2026-06-30,Net Income Common Stockholders,1.44,1.65416,0.1487222222222223,17,Up,GAAP actual vs consensus,2026-10-02,228.4600067138672,2026-06-08,-0.240654860240757,False,0,True,50,True,33,True,16
MMM,3M Company,Industrials,Conglomerates,83490308096,161.88999938964844,160.63115028381347,0.00783689280448252,Above,Flat,506365201.1797333,933000000.0,653000000.0,0.42879019908116384,2026-06-30,Net Income Common Stockholders,1.78,2.38991,0.3426460674157303,14,Up,GAAP actual vs consensus,2026-10-02,184.89999389648438,2026-07-28,-0.1244456206943847,True,3,True,23,True,3,False,0
PKG,Packaging Corporation of Americ,Consumer Cyclical,Packaging & Containers,20362524672,228.5399932861328,226.47385009765625,0.009123098263157603,Above,Rising,144449761.98013306,191000000.0,169800000.0,0.1248527679623086,2026-06-30,Net Income Common Stockholders,2.15,2.9092,0.3531162790697674,4,Down,GAAP actual vs consensus,2026-10-02,259.9800109863281,2026-08-13,-0.12093244238630596,True,4,True,25,True,4,False,0
PNFP,"Pinnacle Financial Partners, In",Financial Services,Banks - Regional,14520413184,96.08999633789062,96.85049968719483,-0.007852343062353384,Below,Flat,103772144.64664459,313000000.0,135000000.0,1.3185185185185184,2026-06-30,Net Income Common Stockholders,2.07,2.62597,0.2685845410628021,22,Down,GAAP actual vs consensus,2026-10-02,110.33000183105469,2026-08-04,-0.12906739107073883,True,33,True,29,True,14,True,13
REGN,"Regeneron Pharmaceuticals, Inc.",Healthcare,Biotechnology,75692515328,735.2000122070312,736.0437991333008,-0.0011463814072791845,Below,Rising,588939642.9296875,1296900000.0,727200000.0,0.7834158415841584,2026-06-30,Net Income Common Stockholders,12.23,15.99218,0.30761896974652486,21,Up,GAAP actual vs consensus,2026-10-02,859.3400268554688,2026-09-03,-0.14445971416308345,True,19,True,5,False,0,True,2
SW,Smurfit WestRock plc,Consumer Cyclical,Packaging & Containers,22313205760,42.540000915527344,43.26275005340576,-0.016706037803565832,Below,Rising,192764874.74458694,89000000.0,65000000.0,0.36923076923076925,2026-06-30,Net Income Common Stockholders,0.17,0.60617,2.565705882352941,8,Down,GAAP actual vs consensus,2026-10-02,52.650001525878906,2026-02-12,-0.19202279805029487,True,4,True,23,True,4,True,2
STRL,"Sterling Infrastructure, Inc.",Industrials,Engineering & Construction,16316526592,533.4199829101562,539.1226997375488,-0.010577771683827675,Below,Rising,268273051.2486267,155826000.0,95969000.0,0.6237118236097073,2026-06-30,Net Income Common Stockholders,5.0,6.07333,0.21466600000000008,6,Up,GAAP actual vs consensus,2026-10-02,1005.6799926757812,2026-06-04,-0.46959272651840034,False,0,False,0,True,49,True,30
TDY,Teledyne Technologies Incorpora,Technology,Scientific & Technical Instruments,28592951296,617.1699829101562,623.4932490539551,-0.010141675396475147,Below,Rising,169108038.33953857,251700000.0,226800000.0,0.10978835978835978,2026-06-30,Net Income Common Stockholders,5.37,6.16237,0.14755493482309126,11,Up,GAAP actual vs consensus,2026-10-02,697.6699829101562,2026-08-10,-0.11538406692547432,False,0,True,31,True,31,True,7
TOST,"Toast, Inc.",Technology,Software - Infrastructure,17218621440,29.790000915527344,29.778449897766112,0.00038789855754362,Above,Falling,261697142.73867607,154000000.0,126000000.0,0.2222222222222222,2026-06-30,Net Income Common Stockholders,0.26,0.36633,0.4089615384615384,15,Up,GAAP actual vs consensus,2026-10-02,37.20000076293945,2026-08-25,-0.19919354019998647,True,24,True,14,False,0,False,0
TTEK,"Tetra Tech, Inc.",Industrials,Engineering & Construction,8480191488,33.119998931884766,33.03120003700256,0.0026883339019692087,Above,Flat,75071615.60468674,109584000.0,93623000.0,0.17048161242429744,2026-06-30,Net Income Common Stockholders,0.42,0.46833,0.11507142857142867,6,Up,GAAP actual vs consensus,2026-10-02,43.13999938964844,2026-02-11,-0.23226705144942583,True,12,True,7,False,0,False,0
